filename,width,height,class,xmin,ymin,xmax,ymax
0.jpg,1500,1121,electrodomesticos,520,270,1014,846
1.jpg,2048,1536,electrodomesticos,441,897,820,1448
1.jpg,2048,1536,electrodomesticos,853,904,1161,1432
1.jpg,2048,1536,electrodomesticos,1206,931,1670,1536
1.jpg,2048,1536,electrodomesticos,1702,899,2039,1524
1.jpg,2048,1536,electrodomesticos,1,824,415,1465
10.jpg,1300,956,electrodomesticos,678,375,1085,712
10.jpg,1300,956,electrodomesticos,637,75,1071,347
100.jpeg,628,837,Tanque,187,1,518,795
101.jpg,1620,1080,llanta,833,33,1492,777
102.jpg,600,495,llanta,119,168,594,494
103.jpg,259,194,llanta,15,25,144,160
104.jpeg,612,342,llanta,246,130,331,200
104.jpeg,612,342,llanta,144,178,282,284
104.jpeg,612,342,llanta,279,204,321,286
104.jpeg,612,342,llanta,446,286,603,342
104.jpeg,612,342,llanta,331,219,418,262
104.jpeg,612,342,llanta,37,78,129,146
104.jpeg,612,342,llanta,10,220,116,245
104.jpeg,612,342,llanta,1,103,49,152
104.jpeg,612,342,llanta,277,252,388,316
104.jpeg,612,342,llanta,116,288,201,342
104.jpeg,612,342,llanta,105,77,180,110
104.jpeg,612,342,llanta,68,36,159,87
104.jpeg,612,342,llanta,11,40,84,71
105.jpg,1200,630,llanta,794,477,1100,630
105.jpg,1200,630,llanta,206,493,450,622
105.jpg,1200,630,llanta,336,89,447,152
105.jpg,1200,630,llanta,377,379,613,569
105.jpg,1200,630,llanta,64,445,216,611
105.jpg,1200,630,llanta,41,336,148,440
105.jpg,1200,630,llanta,582,423,783,552
105.jpg,1200,630,llanta,722,361,910,465
105.jpg,1200,630,llanta,528,269,664,424
105.jpg,1200,630,llanta,369,186,545,352
106.jpg,512,341,llanta,279,163,390,214
106.jpg,512,341,llanta,2,209,66,341
106.jpg,512,341,llanta,87,92,146,130
106.jpg,512,341,llanta,234,126,323,177
106.jpg,512,341,llanta,209,122,239,148
107.jpg,280,187,llanta,56,87,159,143
108.jpg,350,235,llanta,36,26,326,223
109.jpg,1200,630,llanta,133,179,763,629
109.jpg,1200,630,llanta,265,59,617,177
11.jpg,1280,720,electrodomesticos,594,264,916,597
110.jpg,400,225,llanta,129,74,365,225
110.jpg,400,225,llanta,1,168,137,225
110.jpg,400,225,llanta,26,20,156,151
110.jpg,400,225,llanta,332,1,398,109
110.jpg,400,225,llanta,365,62,397,134
110.jpg,400,225,llanta,114,1,274,81
111.jpg,626,417,llanta,96,36,565,411
111.jpg,626,417,llanta,508,125,622,283
111.jpg,626,417,llanta,548,1,626,150
111.jpg,626,417,llanta,1,238,267,415
111.jpg,626,417,llanta,240,1,447,105
112.jpg,953,768,llanta,574,543,731,625
112.jpg,953,768,llanta,126,249,311,389
112.jpg,953,768,llanta,200,591,437,768
112.jpg,953,768,llanta,439,578,626,752
112.jpg,953,768,llanta,40,604,232,684
112.jpg,953,768,llanta,143,435,354,580
112.jpg,953,768,llanta,336,343,483,472
112.jpg,953,768,llanta,75,437,161,566
112.jpg,953,768,llanta,414,493,519,572
112.jpg,953,768,llanta,3,459,63,604
112.jpg,953,768,llanta,1,270,75,300
113.jpg,320,200,llanta,45,160,165,199
113.jpg,320,200,llanta,216,107,320,198
113.jpg,320,200,llanta,136,68,227,148
113.jpg,320,200,llanta,231,21,280,96
113.jpg,320,200,llanta,1,1,52,91
113.jpg,320,200,llanta,24,82,137,182
114.jpg,2000,2667,llanta,56,779,1377,2342
114.jpg,2000,2667,llanta,356,154,806,867
114.jpg,2000,2667,llanta,777,167,1215,1071
114.jpg,2000,2667,llanta,1081,1075,1981,2092
115.jpg,840,472,llanta,1,107,97,366
115.jpg,840,472,llanta,88,106,194,368
115.jpg,840,472,llanta,188,105,301,369
115.jpg,840,472,llanta,295,108,389,365
115.jpg,840,472,llanta,388,108,519,363
115.jpg,840,472,llanta,517,106,635,370
115.jpg,840,472,llanta,637,107,756,366
115.jpg,840,472,llanta,754,108,836,363
116.jpg,512,268,llanta,5,17,424,268
117.jpg,1024,769,llanta,400,85,1010,769
118.JPG,570,428,llanta,3,13,564,359
119.jpg,768,576,llanta,8,99,293,576
119.jpg,768,576,llanta,249,136,599,576
119.jpg,768,576,llanta,480,129,762,576
12.jpg,600,283,electrodomesticos,71,29,202,199
12.jpg,600,283,electrodomesticos,219,25,329,204
12.jpg,600,283,electrodomesticos,347,44,449,202
12.jpg,600,283,electrodomesticos,472,53,567,194
12.jpg,600,283,electrodomesticos,6,211,171,283
120.jpg,626,417,llanta,2,2,118,415
120.jpg,626,417,llanta,110,2,236,415
120.jpg,626,417,llanta,226,5,355,412
120.jpg,626,417,llanta,343,2,469,414
120.jpg,626,417,llanta,446,7,602,416
120.jpg,626,417,llanta,524,3,626,410
121.JPG,570,364,llanta,1,20,568,318
122.jpg,620,397,llanta,4,3,620,335
123.jpg,626,417,llanta,16,140,268,321
123.jpg,626,417,llanta,283,160,605,352
123.jpg,626,417,llanta,148,229,348,327
124.jpg,680,510,llanta,292,137,627,489
124.jpg,680,510,llanta,33,273,204,470
124.jpg,680,510,llanta,161,156,241,252
124.jpg,680,510,llanta,277,27,387,86
124.jpg,680,510,llanta,280,80,399,117
124.jpg,680,510,llanta,58,49,133,134
124.jpg,680,510,llanta,3,56,83,230
124.jpg,680,510,llanta,71,228,180,328
124.jpg,680,510,llanta,229,268,321,316
124.jpg,680,510,llanta,608,320,678,416
125.jpg,800,600,llanta,101,238,405,577
125.jpg,800,600,llanta,174,14,475,284
125.jpg,800,600,llanta,448,4,731,253
125.jpg,800,600,llanta,14,1,298,230
125.jpg,800,600,llanta,473,169,792,445
126.jpg,259,194,llanta,45,74,133,119
126.jpg,259,194,llanta,125,46,172,75
126.jpg,259,194,llanta,42,41,80,62
126.jpg,259,194,llanta,151,122,257,194
127.jpg,880,660,llanta,181,243,336,359
127.jpg,880,660,llanta,81,330,226,448
127.jpg,880,660,llanta,553,182,698,323
128.jpg,509,339,llanta,102,227,215,326
128.jpg,509,339,llanta,201,133,245,165
129.jpg,850,425,llanta,266,290,506,381
129.jpg,850,425,llanta,487,156,588,353
13.jpg,936,1024,electrodomesticos,455,151,711,486
13.jpg,936,1024,electrodomesticos,567,524,825,851
13.jpg,936,1024,electrodomesticos,55,473,379,874
130.jpg,512,341,llanta,274,119,309,142
130.jpg,512,341,llanta,184,221,309,329
131.jpg,1024,683,llanta,621,302,825,661
131.jpg,1024,683,llanta,827,545,986,636
131.jpg,1024,683,llanta,73,47,564,144
131.jpg,1024,683,llanta,132,138,514,237
131.jpg,1024,683,llanta,129,234,529,338
131.jpg,1024,683,llanta,152,337,560,445
131.jpg,1024,683,llanta,153,452,593,574
132.jpg,1200,630,llanta,139,174,755,629
132.jpg,1200,630,llanta,264,47,615,181
133.jpg,1200,900,llanta,721,436,963,562
133.jpg,1200,900,llanta,978,573,1200,778
133.jpg,1200,900,llanta,706,536,977,671
133.jpg,1200,900,llanta,981,443,1199,615
134.jpg,1280,720,llanta,131,6,955,720
135.jpg,400,267,llanta,102,138,307,257
136.jpg,960,640,llanta,179,155,774,495
137.jpg,623,383,llanta,84,255,276,359
137.jpg,623,383,llanta,276,239,476,359
137.jpg,623,383,llanta,500,158,623,263
137.jpg,623,383,llanta,384,163,500,218
137.jpg,623,383,llanta,447,96,533,136
137.jpg,623,383,llanta,256,202,397,258
137.jpg,623,383,llanta,50,181,217,234
137.jpg,623,383,llanta,180,189,291,242
137.jpg,623,383,llanta,350,127,410,158
137.jpg,623,383,llanta,542,112,623,161
138.png,640,444,llanta,151,121,271,165
138.png,640,444,llanta,431,206,640,397
138.png,640,444,llanta,169,165,385,298
138.png,640,444,llanta,5,294,141,441
138.png,640,444,llanta,57,145,161,204
138.png,640,444,llanta,366,130,489,185
138.png,640,444,llanta,146,265,505,435
139.jpg,2048,1536,llanta,730,840,1179,1238
139.jpg,2048,1536,llanta,1397,763,1783,1035
139.jpg,2048,1536,llanta,865,431,1241,763
139.jpg,2048,1536,llanta,16,535,409,1070
139.jpg,2048,1536,llanta,562,438,860,712
139.jpg,2048,1536,llanta,1158,461,1402,638
139.jpg,2048,1536,llanta,402,407,618,596
14.jpg,1300,866,electrodomesticos,457,265,923,739
140.jpg,400,250,llanta,168,115,215,140
140.jpg,400,250,llanta,139,142,220,182
140.jpg,400,250,llanta,186,162,284,225
140.jpg,400,250,llanta,215,137,290,176
141.jpg,1300,956,llanta,279,184,1130,834
141.jpg,1300,956,llanta,1,278,498,865
141.jpg,1300,956,llanta,363,28,1078,489
142.jpg,1024,686,llanta,13,55,597,646
143.jpg,980,550,llanta,349,271,627,520
144.jpg,730,441,llanta,217,202,585,428
145.jpg,1024,713,llanta,207,445,689,713
145.jpg,1024,713,llanta,603,1,925,287
145.jpg,1024,713,llanta,531,264,880,533
145.jpg,1024,713,llanta,414,108,544,320
145.jpg,1024,713,llanta,321,299,599,524
145.jpg,1024,713,llanta,694,448,1019,711
146.jpg,1300,866,llanta,326,13,1021,315
146.jpg,1300,866,llanta,250,236,987,518
146.jpg,1300,866,llanta,229,446,941,718
146.jpg,1300,866,llanta,4,101,265,767
146.jpg,1300,866,llanta,958,98,1242,817
147.jpg,259,194,llanta,67,26,257,190
147.jpg,259,194,llanta,1,9,96,187
148.jpg,282,178,llanta,77,13,234,176
148.jpg,282,178,llanta,1,2,124,69
148.jpg,282,178,llanta,5,81,93,174
149.jpg,1024,682,llanta,318,55,1024,632
149.jpg,1024,682,llanta,14,53,388,358
149.jpg,1024,682,llanta,10,340,325,671
15.jpg,1080,740,electrodomesticos,633,438,962,583
15.jpg,1080,740,electrodomesticos,153,224,409,343
15.jpg,1080,740,electrodomesticos,513,442,629,542
150.jpg,818,1300,llanta,2,68,810,358
150.jpg,818,1300,llanta,10,350,818,622
150.jpg,818,1300,llanta,20,632,818,906
150.jpg,818,1300,llanta,16,894,806,1176
151.jpg,588,470,Botella,19,122,105,405
151.jpg,588,470,Botella,117,119,217,409
151.jpg,588,470,Botella,225,115,330,409
151.jpg,588,470,Botella,353,58,463,409
151.jpg,588,470,Botella,476,56,588,407
152.jpg,302,167,Botella,79,3,152,163
152.jpg,302,167,Botella,161,21,233,164
153.jpg,500,357,Botella,197,11,314,349
154.jpg,600,600,Botella,67,34,226,576
154.jpg,600,600,Botella,332,53,531,578
155.jpg,920,720,Botella,53,22,272,707
155.jpg,920,720,Botella,331,24,552,701
155.jpg,920,720,Botella,571,105,879,701
156.jpg,352,259,Botella,28,202,146,253
156.jpg,352,259,Botella,142,124,186,255
156.jpg,352,259,Botella,187,211,322,259
156.jpg,352,259,Botella,204,110,243,219
156.jpg,352,259,Botella,11,10,58,167
156.jpg,352,259,Botella,97,109,143,208
156.jpg,352,259,Botella,297,109,331,203
156.jpg,352,259,Botella,320,43,352,200
156.jpg,352,259,Botella,170,27,218,190
156.jpg,352,259,Botella,74,89,105,189
156.jpg,352,259,Botella,1,105,36,210
156.jpg,352,259,Botella,39,97,74,190
156.jpg,352,259,Botella,117,7,166,138
156.jpg,352,259,Botella,87,17,128,127
156.jpg,352,259,Botella,217,4,260,126
156.jpg,352,259,Botella,253,1,301,144
157.jpg,980,559,Botella,406,101,621,503
157.jpg,980,559,Botella,38,149,253,436
157.jpg,980,559,Botella,601,170,894,559
157.jpg,980,559,Botella,173,341,486,553
157.jpg,980,559,Botella,475,8,726,142
157.jpg,980,559,Botella,196,63,377,210
157.jpg,980,559,Botella,1,101,140,290
157.jpg,980,559,Botella,775,179,917,364
157.jpg,980,559,Botella,804,70,961,222
158.jpg,742,493,Botella,194,12,290,213
158.jpg,742,493,Botella,302,79,365,211
158.jpg,742,493,Botella,374,31,437,215
158.jpg,742,493,Botella,441,33,495,214
158.jpg,742,493,Botella,502,29,563,214
158.jpg,742,493,Botella,195,246,266,475
158.jpg,742,493,Botella,278,242,354,478
158.jpg,742,493,Botella,371,250,443,475
158.jpg,742,493,Botella,457,229,567,478
159.jpg,900,453,Botella,12,23,142,420
159.jpg,900,453,Botella,157,14,285,428
159.jpg,900,453,Botella,299,17,437,423
159.jpg,900,453,Botella,454,22,595,422
159.jpg,900,453,Botella,619,28,751,453
159.jpg,900,453,Botella,766,30,887,453
16.jpg,620,370,electrodomesticos,82,159,136,241
16.jpg,620,370,electrodomesticos,591,172,620,287
160.jpg,778,518,Botella,26,255,132,410
160.jpg,778,518,Botella,175,217,249,390
160.jpg,778,518,Botella,291,281,360,381
160.jpg,778,518,Botella,394,280,461,438
160.jpg,778,518,Botella,483,282,555,391
160.jpg,778,518,Botella,639,265,730,434
161.jpg,500,340,Botella,154,97,354,273
162.jpg,626,626,Botella,27,75,138,297
162.jpg,626,626,Botella,176,62,295,299
162.jpg,626,626,Botella,341,50,458,303
162.jpg,626,626,Botella,499,76,593,303
162.jpg,626,626,Botella,34,352,132,575
162.jpg,626,626,Botella,148,351,241,575
162.jpg,626,626,Botella,265,326,369,567
162.jpg,626,626,Botella,378,328,516,572
162.jpg,626,626,Botella,527,364,618,570
163.jpg,275,183,Botella,103,32,173,182
164.jpg,1280,720,Botella,153,17,495,684
165.jpg,450,300,Botella,116,70,264,123
165.jpg,450,300,Botella,188,161,330,248
165.jpg,450,300,Botella,348,176,450,298
165.jpg,450,300,Botella,115,9,248,69
165.jpg,450,300,Botella,1,52,71,176
165.jpg,450,300,Botella,101,121,238,202
165.jpg,450,300,Botella,311,94,364,184
165.jpg,450,300,Botella,372,95,450,158
165.jpg,450,300,Botella,246,3,382,74
165.jpg,450,300,Botella,50,1,108,67
166.jpg,600,600,Botella,244,140,363,495
167.jpg,1300,938,Botella,99,113,1190,810
168.jpg,1300,702,Botella,38,127,1258,618
169.jpg,975,1300,Botella,65,125,475,1234
169.jpg,975,1300,Botella,524,118,922,1203
17.jpg,255,295,electrodomesticos,165,205,210,274
17.jpg,255,295,electrodomesticos,68,154,157,251
17.jpg,255,295,electrodomesticos,4,180,60,261
17.jpg,255,295,electrodomesticos,168,55,245,214
17.jpg,255,295,electrodomesticos,16,29,96,175
17.jpg,255,295,electrodomesticos,104,36,161,133
17.jpg,255,295,electrodomesticos,123,7,225,48
170.jpg,1024,1024,Botella,34,565,655,898
170.jpg,1024,1024,Botella,234,501,786,793
170.jpg,1024,1024,Botella,289,114,515,565
170.jpg,1024,1024,Botella,498,121,712,596
170.jpg,1024,1024,Botella,706,81,902,696
171.jpg,1300,866,Botella,254,207,1047,724
172.jpg,350,350,Botella,116,68,182,283
172.jpg,350,350,Botella,176,67,241,285
172.jpg,350,350,Botella,233,67,299,284
172.jpg,350,350,Botella,291,69,350,284
172.jpg,350,350,Botella,56,70,127,288
172.jpg,350,350,Botella,1,68,61,284
173.jpg,600,900,Botella,1,391,280,900
173.jpg,600,900,Botella,386,237,600,889
173.jpg,600,900,Botella,130,133,362,788
173.jpg,600,900,Botella,25,59,201,451
173.jpg,600,900,Botella,334,118,533,349
174.jpg,1300,940,Botella,51,312,397,892
174.jpg,1300,940,Botella,535,74,789,896
174.jpg,1300,940,Botella,933,277,1234,900
175.jpg,866,1300,Botella,255,137,617,1247
176.jpg,300,225,Botella,203,29,270,222
176.jpg,300,225,Botella,156,36,210,223
176.jpg,300,225,Botella,114,27,164,212
176.jpg,300,225,Botella,57,23,119,221
176.jpg,300,225,Botella,13,37,66,219
177.jpg,620,347,Botella,1,29,109,318
177.jpg,620,347,Botella,137,22,288,321
177.jpg,620,347,Botella,315,28,440,326
177.jpg,620,347,Botella,451,72,620,289
178.jpeg,1600,1067,Botella,469,649,899,1004
178.jpeg,1600,1067,Botella,264,200,468,541
178.jpeg,1600,1067,Botella,492,231,831,415
178.jpeg,1600,1067,Botella,739,214,1100,491
178.jpeg,1600,1067,Botella,1191,830,1570,1009
178.jpeg,1600,1067,Botella,1192,538,1363,885
178.jpeg,1600,1067,Botella,1196,447,1508,639
178.jpeg,1600,1067,Botella,1310,157,1515,485
178.jpeg,1600,1067,Botella,671,1,844,220
178.jpeg,1600,1067,Botella,217,1,415,233
178.jpeg,1600,1067,Botella,36,82,187,263
178.jpeg,1600,1067,Botella,914,140,1315,288
178.jpeg,1600,1067,Botella,703,913,1033,1064
178.jpeg,1600,1067,Botella,85,783,412,1066
178.jpeg,1600,1067,Botella,1,600,117,990
178.jpeg,1600,1067,Botella,1,356,220,739
178.jpeg,1600,1067,Botella,397,400,741,600
178.jpeg,1600,1067,Botella,327,569,691,770
178.jpeg,1600,1067,Botella,201,446,675,685
178.jpeg,1600,1067,Botella,36,185,246,454
178.jpeg,1600,1067,Botella,1028,1,1461,95
179.jpg,720,540,Botella,168,188,414,323
179.jpg,720,540,Botella,74,12,187,210
179.jpg,720,540,Botella,141,35,403,170
179.jpg,720,540,Botella,1,251,226,440
179.jpg,720,540,Botella,232,302,494,432
179.jpg,720,540,Botella,461,211,682,336
179.jpg,720,540,Botella,387,78,596,172
179.jpg,720,540,Botella,21,40,116,205
179.jpg,720,540,Botella,19,396,121,540
179.jpg,720,540,Botella,195,469,421,539
179.jpg,720,540,Botella,110,357,261,535
179.jpg,720,540,Botella,399,426,642,536
179.jpg,720,540,Botella,396,303,716,446
179.jpg,720,540,Botella,27,191,200,262
179.jpg,720,540,Botella,566,32,713,151
179.jpg,720,540,Botella,274,1,404,116
179.jpg,720,540,Botella,465,433,717,540
179.jpg,720,540,Botella,446,112,661,231
18.jpg,1300,1065,electrodomesticos,1079,711,1292,967
18.jpg,1300,1065,electrodomesticos,923,645,1261,954
18.jpg,1300,1065,electrodomesticos,500,283,850,978
180.jpg,500,375,Botella,1,60,72,317
180.jpg,500,375,Botella,20,185,85,329
180.jpg,500,375,Botella,60,120,126,266
180.jpg,500,375,Botella,75,232,218,358
180.jpg,500,375,Botella,187,134,305,364
180.jpg,500,375,Botella,278,182,381,357
180.jpg,500,375,Botella,355,55,450,349
180.jpg,500,375,Botella,427,54,499,343
180.jpg,500,375,Botella,120,2,219,280
180.jpg,500,375,Botella,37,16,104,134
180.jpg,500,375,Botella,266,64,353,215
180.jpg,500,375,Botella,260,14,332,68
180.jpg,500,375,Botella,337,4,434,70
181.jpg,333,500,Botella,90,45,262,498
182.jpg,576,1024,Botella,143,76,401,995
183.jpg,194,259,Botella,46,2,133,258
184.jpg,800,696,Botella,151,2,358,693
185.jpg,360,480,Botella,79,31,232,480
186.jpg,392,280,Botella,33,40,132,248
186.jpg,392,280,Botella,135,36,232,245
187.jpg,300,400,Botella,34,30,157,380
187.jpg,300,400,Botella,152,40,270,384
188.jpg,281,500,Botella,1,10,94,490
188.jpg,281,500,Botella,80,29,193,445
188.jpg,281,500,Botella,172,14,279,489
189.jpg,1024,768,Botella,100,329,444,709
189.jpg,1024,768,Botella,637,183,865,688
189.jpg,1024,768,Botella,493,40,699,699
189.jpg,1024,768,Botella,334,30,552,521
189.jpg,1024,768,Botella,314,492,556,678
19.jpg,958,1300,electrodomesticos,238,182,697,1076
190.jpg,760,570,Botella,108,267,667,469
191.jpg,1300,956,Botella,166,112,1165,800
192.jpg,1200,500,Botella,162,80,269,428
192.jpg,1200,500,Botella,273,113,375,428
192.jpg,1200,500,Botella,381,76,477,425
192.jpg,1200,500,Botella,492,152,570,420
192.jpg,1200,500,Botella,581,175,660,420
192.jpg,1200,500,Botella,674,176,746,420
192.jpg,1200,500,Botella,755,202,830,421
192.jpg,1200,500,Botella,835,181,920,424
192.jpg,1200,500,Botella,926,95,1019,425
193.jpg,626,437,Botella,375,99,462,366
194.jpg,1300,866,Botella,353,70,872,650
195.jpg,1600,1167,Botella,319,476,1306,828
196.jpg,1300,866,Botella,226,253,964,681
197.jpg,626,417,Botella,364,47,504,304
198.jpg,274,184,Botella,48,33,235,147
199.jpg,450,300,Botella,18,64,97,221
199.jpg,450,300,Botella,125,237,189,299
199.jpg,450,300,Botella,21,212,148,258
199.jpg,450,300,Botella,1,219,40,263
199.jpg,450,300,Botella,53,141,149,198
199.jpg,450,300,Botella,106,15,209,166
199.jpg,450,300,Botella,147,40,245,189
199.jpg,450,300,Botella,254,8,305,101
199.jpg,450,300,Botella,321,7,411,70
199.jpg,450,300,Botella,344,9,450,85
199.jpg,450,300,Botella,295,59,414,184
199.jpg,450,300,Botella,266,123,355,288
199.jpg,450,300,Botella,297,210,369,295
199.jpg,450,300,Botella,388,128,450,240
199.jpg,450,300,Botella,140,150,297,258
199.jpg,450,300,Botella,174,86,312,185
199.jpg,450,300,Botella,150,41,241,184
2.jpg,899,747,electrodomesticos,85,229,377,544
20.jpg,1300,1004,electrodomesticos,378,284,958,912
20.jpg,1300,1004,electrodomesticos,1037,519,1239,874
21.jpg,1600,1167,electrodomesticos,740,380,987,923
21.jpg,1600,1167,electrodomesticos,390,374,651,891
21.jpg,1600,1167,electrodomesticos,1220,530,1477,844
22.jpg,863,1390,electrodomesticos,417,810,823,1215
22.jpg,863,1390,electrodomesticos,73,742,339,1136
23.jpg,401,512,electrodomesticos,273,113,371,236
23.jpg,401,512,electrodomesticos,140,82,233,230
23.jpg,401,512,electrodomesticos,38,107,128,218
23.jpg,401,512,electrodomesticos,95,48,145,94
23.jpg,401,512,electrodomesticos,194,7,286,78
23.jpg,401,512,electrodomesticos,71,398,133,465
23.jpg,401,512,electrodomesticos,16,380,77,466
23.jpg,401,512,electrodomesticos,152,390,210,457
23.jpg,401,512,electrodomesticos,246,444,306,480
23.jpg,401,512,electrodomesticos,312,438,361,482
23.jpg,401,512,electrodomesticos,286,377,350,437
24.jpg,1300,866,electrodomesticos,773,403,1215,862
24.jpg,1300,866,electrodomesticos,382,358,752,841
24.jpg,1300,866,electrodomesticos,1,324,337,731
25.jpg,1300,1065,electrodomesticos,702,50,1245,968
25.jpg,1300,1065,electrodomesticos,78,26,650,927
26.jpg,318,205,electrodomesticos,80,33,151,179
26.jpg,318,205,electrodomesticos,208,71,249,149
27.jpg,450,318,electrodomesticos,40,79,79,145
27.jpg,450,318,electrodomesticos,1,97,22,134
28.jpg,890,501,electrodomesticos,588,189,665,379
28.jpg,890,501,electrodomesticos,449,180,566,247
29.jpg,723,542,electrodomesticos,482,235,609,444
29.jpg,723,542,electrodomesticos,231,368,467,464
29.jpg,723,542,electrodomesticos,287,38,453,433
29.jpg,723,542,electrodomesticos,86,221,250,444
3.png,400,320,electrodomesticos,165,128,280,295
3.png,400,320,electrodomesticos,257,5,384,287
3.png,400,320,electrodomesticos,17,120,154,289
30.jpg,1500,1245,electrodomesticos,408,458,1180,767
30.jpg,1500,1245,electrodomesticos,953,115,1377,406
31.jpg,890,591,electrodomesticos,689,294,774,385
31.jpg,890,591,electrodomesticos,679,186,752,280
31.jpg,890,591,electrodomesticos,706,396,785,480
31.jpg,890,591,electrodomesticos,588,284,652,383
31.jpg,890,591,electrodomesticos,351,307,450,391
31.jpg,890,591,electrodomesticos,498,218,605,279
31.jpg,890,591,electrodomesticos,811,306,886,390
31.jpg,890,591,electrodomesticos,828,394,890,488
31.jpg,890,591,electrodomesticos,247,268,312,377
32.jpg,900,600,electrodomesticos,540,393,794,596
32.jpg,900,600,electrodomesticos,252,32,485,245
32.jpg,900,600,electrodomesticos,635,30,693,76
32.jpg,900,600,electrodomesticos,791,321,884,547
33.jpg,512,288,electrodomesticos,1,190,180,286
33.jpg,512,288,electrodomesticos,205,162,333,229
33.jpg,512,288,electrodomesticos,83,72,149,171
33.jpg,512,288,electrodomesticos,229,72,299,149
33.jpg,512,288,electrodomesticos,366,95,462,166
33.jpg,512,288,electrodomesticos,384,25,434,66
33.jpg,512,288,electrodomesticos,435,172,512,259
34.jpg,1300,958,electrodomesticos,296,553,492,812
34.jpg,1300,958,electrodomesticos,518,517,654,753
34.jpg,1300,958,electrodomesticos,599,336,745,695
34.jpg,1300,958,electrodomesticos,759,501,848,672
35.jpg,1300,960,electrodomesticos,1,498,237,770
35.jpg,1300,960,electrodomesticos,245,576,411,762
35.jpg,1300,960,electrodomesticos,725,405,923,647
35.jpg,1300,960,electrodomesticos,1014,377,1134,585
35.jpg,1300,960,electrodomesticos,443,417,644,725
36.jpg,1205,1390,electrodomesticos,58,449,641,1200
36.jpg,1205,1390,electrodomesticos,737,430,1157,1058
36.jpg,1205,1390,electrodomesticos,178,16,641,415
37.jpg,626,604,electrodomesticos,8,1,214,275
37.jpg,626,604,electrodomesticos,226,1,424,277
37.jpg,626,604,electrodomesticos,442,9,626,275
37.jpg,626,604,electrodomesticos,485,308,626,600
37.jpg,626,604,electrodomesticos,249,301,465,600
37.jpg,626,604,electrodomesticos,3,300,219,600
38.jpg,1300,957,electrodomesticos,415,171,844,739
39.JPG,1600,1200,electrodomesticos,390,79,1243,970
4.jpg,350,197,electrodomesticos,209,35,289,123
4.jpg,350,197,electrodomesticos,59,132,182,189
40.jpg,1280,720,electrodomesticos,598,255,916,588
41.JPG,1600,1200,electrodomesticos,377,63,1235,1033
42.jpg,1300,930,electrodomesticos,733,323,1132,556
42.jpg,1300,930,electrodomesticos,127,343,441,518
42.jpg,1300,930,electrodomesticos,460,222,690,471
43.jpg,318,184,electrodomesticos,126,70,207,163
44.jpg,1300,957,electrodomesticos,724,322,1140,836
45.jpg,1024,680,electrodomesticos,950,247,1024,533
45.jpg,1024,680,electrodomesticos,663,485,793,538
45.jpg,1024,680,electrodomesticos,340,419,528,544
45.jpg,1024,680,electrodomesticos,566,114,666,153
46.jpg,800,600,electrodomesticos,340,421,483,591
46.jpg,800,600,electrodomesticos,378,150,480,195
47.jpg,600,335,electrodomesticos,200,175,299,283
47.jpg,600,335,electrodomesticos,94,187,172,278
47.jpg,600,335,electrodomesticos,361,255,454,323
47.jpg,600,335,electrodomesticos,406,169,520,234
47.jpg,600,335,electrodomesticos,484,33,515,52
47.jpg,600,335,electrodomesticos,452,63,486,88
47.jpg,600,335,electrodomesticos,345,130,430,195
47.jpg,600,335,electrodomesticos,278,167,369,247
47.jpg,600,335,electrodomesticos,205,126,276,171
47.jpg,600,335,electrodomesticos,143,131,200,160
47.jpg,600,335,electrodomesticos,86,128,139,156
47.jpg,600,335,electrodomesticos,306,44,348,81
47.jpg,600,335,electrodomesticos,389,35,451,54
48.jpg,675,380,electrodomesticos,3,198,351,371
48.jpg,675,380,electrodomesticos,146,75,405,201
48.jpg,675,380,electrodomesticos,547,11,675,58
48.jpg,675,380,electrodomesticos,428,150,660,229
49.jpg,500,375,electrodomesticos,133,180,233,340
5.jpg,500,334,electrodomesticos,105,61,238,113
5.jpg,500,334,electrodomesticos,295,125,424,216
5.jpg,500,334,electrodomesticos,80,190,252,257
5.jpg,500,334,electrodomesticos,461,151,500,228
5.jpg,500,334,electrodomesticos,199,22,328,89
50.jpg,1300,866,electrodomesticos,80,126,293,459
50.jpg,1300,866,electrodomesticos,22,477,340,795
50.jpg,1300,866,electrodomesticos,399,463,655,836
50.jpg,1300,866,electrodomesticos,699,472,987,864
50.jpg,1300,866,electrodomesticos,1009,472,1256,865
50.jpg,1300,866,electrodomesticos,863,42,1156,451
50.jpg,1300,866,electrodomesticos,592,55,849,448
51.jpg,709,473,Tanque,388,206,495,472
51.jpg,709,473,Tanque,493,200,586,473
51.jpg,709,473,Tanque,268,198,390,473
52.jpg,866,1300,Tanque,226,372,394,1088
52.jpg,866,1300,Tanque,350,330,498,1096
52.jpg,866,1300,Tanque,476,328,602,1112
52.jpg,866,1300,Tanque,588,352,698,1086
53.jpg,428,374,Tanque,166,42,258,63
53.jpg,428,374,Tanque,254,45,326,66
53.jpg,428,374,Tanque,170,61,262,82
53.jpg,428,374,Tanque,261,61,330,83
53.jpg,428,374,Tanque,173,80,267,100
53.jpg,428,374,Tanque,262,81,338,101
53.jpg,428,374,Tanque,176,98,271,118
53.jpg,428,374,Tanque,267,96,341,115
53.jpg,428,374,Tanque,182,118,278,140
53.jpg,428,374,Tanque,271,115,349,135
53.jpg,428,374,Tanque,284,136,363,153
54.jpg,724,500,Tanque,60,16,350,500
54.jpg,724,500,Tanque,431,11,720,500
55.jpg,621,354,Tanque,460,149,556,189
55.jpg,621,354,Tanque,1,203,90,289
55.jpg,621,354,Tanque,228,175,293,218
55.jpg,621,354,Tanque,289,166,369,208
55.jpg,621,354,Tanque,59,174,167,221
56.jpg,1140,580,Tanque,6,13,744,454
57.jpg,768,1024,Tanque,153,547,349,819
58.jpg,768,1024,Tanque,331,688,494,966
59.jpg,940,465,Tanque,307,236,386,374
59.jpg,940,465,Tanque,436,206,524,375
59.jpg,940,465,Tanque,616,145,718,381
59.jpg,940,465,Tanque,568,178,638,375
6.jpg,401,512,electrodomesticos,270,58,378,245
6.jpg,401,512,electrodomesticos,151,80,241,228
6.jpg,401,512,electrodomesticos,196,1,287,72
6.jpg,401,512,electrodomesticos,98,35,158,99
6.jpg,401,512,electrodomesticos,37,98,142,224
6.jpg,401,512,electrodomesticos,71,386,132,465
6.jpg,401,512,electrodomesticos,153,383,214,462
6.jpg,401,512,electrodomesticos,237,443,325,498
6.jpg,401,512,electrodomesticos,361,418,401,488
6.jpg,401,512,electrodomesticos,271,376,351,430
6.jpg,401,512,electrodomesticos,223,370,260,446
6.jpg,401,512,electrodomesticos,15,376,64,465
6.jpg,401,512,electrodomesticos,154,363,220,389
60.jpg,448,263,Tanque,144,98,336,260
60.jpg,448,263,Tanque,330,47,396,87
60.jpg,448,263,Tanque,230,30,273,54
62.jpg,1140,712,Tanque,466,90,673,206
62.jpg,1140,712,Tanque,497,170,706,282
62.jpg,1140,712,Tanque,546,248,737,355
62.jpg,1140,712,Tanque,596,336,762,436
62.jpg,1140,712,Tanque,687,213,783,263
62.jpg,1140,712,Tanque,713,255,799,301
62.jpg,1140,712,Tanque,635,430,774,531
62.jpg,1140,712,Tanque,687,512,827,620
62.jpg,1140,712,Tanque,537,435,641,542
62.jpg,1140,712,Tanque,588,526,698,630
62.jpg,1140,712,Tanque,708,603,841,712
62.jpg,1140,712,Tanque,377,115,479,201
62.jpg,1140,712,Tanque,320,127,405,210
62.jpg,1140,712,Tanque,450,273,557,367
62.jpg,1140,712,Tanque,408,351,508,440
62.jpg,1140,712,Tanque,463,426,550,530
62.jpg,1140,712,Tanque,388,271,462,361
62.jpg,1140,712,Tanque,353,201,437,279
62.jpg,1140,712,Tanque,266,130,341,206
62.jpg,1140,712,Tanque,207,142,286,220
62.jpg,1140,712,Tanque,282,209,369,278
62.jpg,1140,712,Tanque,225,210,328,277
62.jpg,1140,712,Tanque,255,277,328,351
62.jpg,1140,712,Tanque,274,348,362,436
62.jpg,1140,712,Tanque,331,346,425,438
62.jpg,1140,712,Tanque,336,490,453,590
62.jpg,1140,712,Tanque,425,507,511,597
63.jpg,1200,1200,Tanque,809,373,1197,1200
63.jpg,1200,1200,Tanque,637,283,933,1200
63.jpg,1200,1200,Tanque,435,231,766,1156
63.jpg,1200,1200,Tanque,355,194,575,1033
63.jpg,1200,1200,Tanque,242,153,446,902
63.jpg,1200,1200,Tanque,135,116,344,827
63.jpg,1200,1200,Tanque,19,82,204,745
64.jpg,259,194,Tanque,64,127,149,163
65.jpg,277,271,Tanque,125,24,210,137
65.jpg,277,271,Tanque,169,97,276,145
65.jpg,277,271,Tanque,195,132,277,166
65.jpg,277,271,Tanque,95,119,225,252
65.jpg,277,271,Tanque,1,198,205,269
66.jpg,1024,682,Tanque,58,137,232,485
66.jpg,1024,682,Tanque,238,409,552,680
66.jpg,1024,682,Tanque,507,468,795,679
66.jpg,1024,682,Tanque,745,454,1008,677
66.jpg,1024,682,Tanque,611,265,899,510
66.jpg,1024,682,Tanque,737,57,1005,326
66.jpg,1024,682,Tanque,484,38,761,317
66.jpg,1024,682,Tanque,363,223,659,517
66.jpg,1024,682,Tanque,104,2,400,133
67.jpg,1280,720,Tanque,4,2,1163,720
68.png,800,600,Tanque,117,263,357,600
68.png,800,600,Tanque,477,245,602,563
68.png,800,600,Tanque,588,249,729,599
69.jpg,350,213,Tanque,68,55,324,201
7.jpg,720,377,electrodomesticos,114,86,255,232
7.jpg,720,377,electrodomesticos,539,160,618,209
7.jpg,720,377,electrodomesticos,665,192,720,250
70.jpg,1300,956,Tanque,1159,659,1300,869
70.jpg,1300,956,Tanque,278,536,569,866
71.jpg,503,304,Tanque,85,203,166,234
72.jpg,300,300,Tanque,58,15,244,289
73.jpg,640,352,Tanque,93,275,145,327
74.jpg,252,200,Tanque,75,4,158,200
74.jpg,252,200,Tanque,161,5,244,200
74.jpg,252,200,Tanque,1,3,84,199
75.jpg,800,445,Tanque,313,145,445,445
75.jpg,800,445,Tanque,91,164,276,444
76.jpg,744,744,Tanque,187,46,554,721
77.jpg,651,400,Tanque,1,45,442,376
77.jpg,651,400,Tanque,338,205,610,400
78.jpg,897,1390,Tanque,100,662,417,1118
79.jpeg,888,500,Tanque,400,258,871,460
8.jpg,440,326,electrodomesticos,61,148,206,304
8.jpg,440,326,electrodomesticos,1,124,61,253
8.jpg,440,326,electrodomesticos,254,35,363,255
80.jpg,250,250,Tanque,85,29,162,238
81.jpeg,958,596,Tanque,282,166,344,242
81.jpeg,958,596,Tanque,318,173,375,252
81.jpeg,958,596,Tanque,516,243,563,310
81.jpeg,958,596,Tanque,466,275,519,315
81.jpeg,958,596,Tanque,423,316,454,361
81.jpeg,958,596,Tanque,474,313,512,355
81.jpeg,958,596,Tanque,557,253,593,312
82.jpg,800,500,Tanque,22,12,169,366
82.jpg,800,500,Tanque,136,17,275,427
82.jpg,800,500,Tanque,256,6,445,493
82.jpg,800,500,Tanque,418,19,761,497
83.jpg,216,320,Tanque,13,13,204,306
84.jpg,226,320,Tanque,19,6,208,316
85.jpeg,1200,1200,Tanque,655,882,837,1200
85.jpeg,1200,1200,Tanque,791,882,933,1189
85.jpeg,1200,1200,Tanque,855,791,982,1007
86.jpg,800,500,Tanque,107,271,299,500
86.jpg,800,500,Tanque,273,269,415,497
86.jpg,800,500,Tanque,412,272,556,496
86.jpg,800,500,Tanque,535,289,731,496
86.jpg,800,500,Tanque,464,175,620,303
86.jpg,800,500,Tanque,555,66,628,230
86.jpg,800,500,Tanque,628,67,699,241
86.jpg,800,500,Tanque,479,63,567,207
86.jpg,800,500,Tanque,407,67,484,230
86.jpg,800,500,Tanque,340,67,408,223
86.jpg,800,500,Tanque,274,67,340,220
86.jpg,800,500,Tanque,210,56,279,207
87.jpg,800,500,Tanque,214,92,388,500
87.jpg,800,500,Tanque,409,117,578,498
87.jpg,800,500,Tanque,1,31,135,496
87.jpg,800,500,Tanque,539,31,647,461
87.jpg,800,500,Tanque,622,355,720,495
87.jpg,800,500,Tanque,143,174,234,466
88.jpg,800,500,Tanque,469,137,531,343
88.jpg,800,500,Tanque,523,202,563,370
88.jpg,800,500,Tanque,555,211,595,414
88.jpg,800,500,Tanque,592,219,659,446
88.jpg,800,500,Tanque,644,237,714,498
88.jpg,800,500,Tanque,719,255,797,498
89.jpg,800,500,Tanque,35,127,326,499
89.jpg,800,500,Tanque,387,109,573,291
89.jpg,800,500,Tanque,473,273,657,415
89.jpg,800,500,Tanque,571,115,731,291
89.jpg,800,500,Tanque,663,2,795,126
89.jpg,800,500,Tanque,475,2,658,123
89.jpg,800,500,Tanque,310,6,483,123
89.jpg,800,500,Tanque,143,2,315,124
89.jpg,800,500,Tanque,1,1,133,128
89.jpg,800,500,Tanque,313,269,483,427
9.jpg,300,300,electrodomesticos,17,18,282,261
90.jpg,800,500,Tanque,334,155,460,499
91.jpg,372,568,Tanque,18,28,352,533
92.jpg,282,320,Tanque,96,28,259,293
93.jpg,240,320,Tanque,27,12,167,256
94.jpg,320,320,Tanque,80,1,224,319
95.jpg,600,800,Tanque,217,116,448,796
96.jpg,934,623,Tanque,255,1,517,608
96.jpg,934,623,Tanque,505,2,720,603
97.jpg,780,1040,Tanque,63,162,385,1018
97.jpg,780,1040,Tanque,422,142,731,1024
98.jpg,320,180,Tanque,70,47,137,171
98.jpg,320,180,Tanque,207,41,259,170
99.jpg,369,800,Tanque,24,9,294,800
