<annotation>
	<folder>images</folder>
	<filename>152.jpg</filename>
	<path>C:\Users\80038\Documents\Hackathon DeAcero\deteccion_objetos-master\images\152.jpg</path>
	<source>
		<database>Unknown</database>
	</source>
	<size>
		<width>302</width>
		<height>167</height>
		<depth>3</depth>
	</size>
	<segmented>0</segmented>
	<object>
		<name>Botella</name>
		<pose>Unspecified</pose>
		<truncated>0</truncated>
		<difficult>0</difficult>
		<bndbox>
			<xmin>79</xmin>
			<ymin>3</ymin>
			<xmax>152</xmax>
			<ymax>163</ymax>
		</bndbox>
	</object>
	<object>
		<name>Botella</name>
		<pose>Unspecified</pose>
		<truncated>0</truncated>
		<difficult>0</difficult>
		<bndbox>
			<xmin>161</xmin>
			<ymin>21</ymin>
			<xmax>233</xmax>
			<ymax>164</ymax>
		</bndbox>
	</object>
</annotation>
