<annotation>
	<folder>images</folder>
	<filename>159.jpg</filename>
	<path>C:\Users\80038\Documents\Hackathon DeAcero\deteccion_objetos-master\images\159.jpg</path>
	<source>
		<database>Unknown</database>
	</source>
	<size>
		<width>900</width>
		<height>453</height>
		<depth>3</depth>
	</size>
	<segmented>0</segmented>
	<object>
		<name>Botella</name>
		<pose>Unspecified</pose>
		<truncated>0</truncated>
		<difficult>0</difficult>
		<bndbox>
			<xmin>12</xmin>
			<ymin>23</ymin>
			<xmax>142</xmax>
			<ymax>420</ymax>
		</bndbox>
	</object>
	<object>
		<name>Botella</name>
		<pose>Unspecified</pose>
		<truncated>0</truncated>
		<difficult>0</difficult>
		<bndbox>
			<xmin>157</xmin>
			<ymin>14</ymin>
			<xmax>285</xmax>
			<ymax>428</ymax>
		</bndbox>
	</object>
	<object>
		<name>Botella</name>
		<pose>Unspecified</pose>
		<truncated>0</truncated>
		<difficult>0</difficult>
		<bndbox>
			<xmin>299</xmin>
			<ymin>17</ymin>
			<xmax>437</xmax>
			<ymax>423</ymax>
		</bndbox>
	</object>
	<object>
		<name>Botella</name>
		<pose>Unspecified</pose>
		<truncated>0</truncated>
		<difficult>0</difficult>
		<bndbox>
			<xmin>454</xmin>
			<ymin>22</ymin>
			<xmax>595</xmax>
			<ymax>422</ymax>
		</bndbox>
	</object>
	<object>
		<name>Botella</name>
		<pose>Unspecified</pose>
		<truncated>1</truncated>
		<difficult>0</difficult>
		<bndbox>
			<xmin>619</xmin>
			<ymin>28</ymin>
			<xmax>751</xmax>
			<ymax>453</ymax>
		</bndbox>
	</object>
	<object>
		<name>Botella</name>
		<pose>Unspecified</pose>
		<truncated>1</truncated>
		<difficult>0</difficult>
		<bndbox>
			<xmin>766</xmin>
			<ymin>30</ymin>
			<xmax>887</xmax>
			<ymax>453</ymax>
		</bndbox>
	</object>
</annotation>
