<annotation>
	<folder>images</folder>
	<filename>164.jpg</filename>
	<path>C:\Users\80038\Documents\Hackathon DeAcero\deteccion_objetos-master\images\164.jpg</path>
	<source>
		<database>Unknown</database>
	</source>
	<size>
		<width>1280</width>
		<height>720</height>
		<depth>3</depth>
	</size>
	<segmented>0</segmented>
	<object>
		<name>Botella</name>
		<pose>Unspecified</pose>
		<truncated>0</truncated>
		<difficult>0</difficult>
		<bndbox>
			<xmin>153</xmin>
			<ymin>17</ymin>
			<xmax>495</xmax>
			<ymax>684</ymax>
		</bndbox>
	</object>
</annotation>
