<annotation>
	<folder>images</folder>
	<filename>169.jpg</filename>
	<path>C:\Users\80038\Documents\Hackathon DeAcero\deteccion_objetos-master\images\169.jpg</path>
	<source>
		<database>Unknown</database>
	</source>
	<size>
		<width>975</width>
		<height>1300</height>
		<depth>3</depth>
	</size>
	<segmented>0</segmented>
	<object>
		<name>Botella</name>
		<pose>Unspecified</pose>
		<truncated>0</truncated>
		<difficult>0</difficult>
		<bndbox>
			<xmin>65</xmin>
			<ymin>125</ymin>
			<xmax>475</xmax>
			<ymax>1234</ymax>
		</bndbox>
	</object>
	<object>
		<name>Botella</name>
		<pose>Unspecified</pose>
		<truncated>0</truncated>
		<difficult>0</difficult>
		<bndbox>
			<xmin>524</xmin>
			<ymin>118</ymin>
			<xmax>922</xmax>
			<ymax>1203</ymax>
		</bndbox>
	</object>
</annotation>
