<annotation>
	<folder>images</folder>
	<filename>174.jpg</filename>
	<path>C:\Users\80038\Documents\Hackathon DeAcero\deteccion_objetos-master\images\174.jpg</path>
	<source>
		<database>Unknown</database>
	</source>
	<size>
		<width>1300</width>
		<height>940</height>
		<depth>3</depth>
	</size>
	<segmented>0</segmented>
	<object>
		<name>Botella</name>
		<pose>Unspecified</pose>
		<truncated>0</truncated>
		<difficult>0</difficult>
		<bndbox>
			<xmin>51</xmin>
			<ymin>312</ymin>
			<xmax>397</xmax>
			<ymax>892</ymax>
		</bndbox>
	</object>
	<object>
		<name>Botella</name>
		<pose>Unspecified</pose>
		<truncated>0</truncated>
		<difficult>0</difficult>
		<bndbox>
			<xmin>535</xmin>
			<ymin>74</ymin>
			<xmax>789</xmax>
			<ymax>896</ymax>
		</bndbox>
	</object>
	<object>
		<name>Botella</name>
		<pose>Unspecified</pose>
		<truncated>0</truncated>
		<difficult>0</difficult>
		<bndbox>
			<xmin>933</xmin>
			<ymin>277</ymin>
			<xmax>1234</xmax>
			<ymax>900</ymax>
		</bndbox>
	</object>
</annotation>
