<annotation>
	<folder>images</folder>
	<filename>188.jpg</filename>
	<path>C:\Users\80038\Documents\Hackathon DeAcero\deteccion_objetos-master\images\188.jpg</path>
	<source>
		<database>Unknown</database>
	</source>
	<size>
		<width>281</width>
		<height>500</height>
		<depth>3</depth>
	</size>
	<segmented>0</segmented>
	<object>
		<name>Botella</name>
		<pose>Unspecified</pose>
		<truncated>1</truncated>
		<difficult>0</difficult>
		<bndbox>
			<xmin>1</xmin>
			<ymin>10</ymin>
			<xmax>94</xmax>
			<ymax>490</ymax>
		</bndbox>
	</object>
	<object>
		<name>Botella</name>
		<pose>Unspecified</pose>
		<truncated>0</truncated>
		<difficult>0</difficult>
		<bndbox>
			<xmin>80</xmin>
			<ymin>29</ymin>
			<xmax>193</xmax>
			<ymax>445</ymax>
		</bndbox>
	</object>
	<object>
		<name>Botella</name>
		<pose>Unspecified</pose>
		<truncated>0</truncated>
		<difficult>0</difficult>
		<bndbox>
			<xmin>172</xmin>
			<ymin>14</ymin>
			<xmax>279</xmax>
			<ymax>489</ymax>
		</bndbox>
	</object>
</annotation>
