<annotation>
	<folder>images</folder>
	<filename>190.jpg</filename>
	<path>C:\Users\80038\Documents\Hackathon DeAcero\deteccion_objetos-master\images\190.jpg</path>
	<source>
		<database>Unknown</database>
	</source>
	<size>
		<width>760</width>
		<height>570</height>
		<depth>3</depth>
	</size>
	<segmented>0</segmented>
	<object>
		<name>Botella</name>
		<pose>Unspecified</pose>
		<truncated>0</truncated>
		<difficult>0</difficult>
		<bndbox>
			<xmin>108</xmin>
			<ymin>267</ymin>
			<xmax>667</xmax>
			<ymax>469</ymax>
		</bndbox>
	</object>
</annotation>
