<annotation>
	<folder>images</folder>
	<filename>192.jpg</filename>
	<path>C:\Users\80038\Documents\Hackathon DeAcero\deteccion_objetos-master\images\192.jpg</path>
	<source>
		<database>Unknown</database>
	</source>
	<size>
		<width>1200</width>
		<height>500</height>
		<depth>3</depth>
	</size>
	<segmented>0</segmented>
	<object>
		<name>Botella</name>
		<pose>Unspecified</pose>
		<truncated>0</truncated>
		<difficult>0</difficult>
		<bndbox>
			<xmin>162</xmin>
			<ymin>80</ymin>
			<xmax>269</xmax>
			<ymax>428</ymax>
		</bndbox>
	</object>
	<object>
		<name>Botella</name>
		<pose>Unspecified</pose>
		<truncated>0</truncated>
		<difficult>0</difficult>
		<bndbox>
			<xmin>273</xmin>
			<ymin>113</ymin>
			<xmax>375</xmax>
			<ymax>428</ymax>
		</bndbox>
	</object>
	<object>
		<name>Botella</name>
		<pose>Unspecified</pose>
		<truncated>0</truncated>
		<difficult>0</difficult>
		<bndbox>
			<xmin>381</xmin>
			<ymin>76</ymin>
			<xmax>477</xmax>
			<ymax>425</ymax>
		</bndbox>
	</object>
	<object>
		<name>Botella</name>
		<pose>Unspecified</pose>
		<truncated>0</truncated>
		<difficult>0</difficult>
		<bndbox>
			<xmin>492</xmin>
			<ymin>152</ymin>
			<xmax>570</xmax>
			<ymax>420</ymax>
		</bndbox>
	</object>
	<object>
		<name>Botella</name>
		<pose>Unspecified</pose>
		<truncated>0</truncated>
		<difficult>0</difficult>
		<bndbox>
			<xmin>581</xmin>
			<ymin>175</ymin>
			<xmax>660</xmax>
			<ymax>420</ymax>
		</bndbox>
	</object>
	<object>
		<name>Botella</name>
		<pose>Unspecified</pose>
		<truncated>0</truncated>
		<difficult>0</difficult>
		<bndbox>
			<xmin>674</xmin>
			<ymin>176</ymin>
			<xmax>746</xmax>
			<ymax>420</ymax>
		</bndbox>
	</object>
	<object>
		<name>Botella</name>
		<pose>Unspecified</pose>
		<truncated>0</truncated>
		<difficult>0</difficult>
		<bndbox>
			<xmin>755</xmin>
			<ymin>202</ymin>
			<xmax>830</xmax>
			<ymax>421</ymax>
		</bndbox>
	</object>
	<object>
		<name>Botella</name>
		<pose>Unspecified</pose>
		<truncated>0</truncated>
		<difficult>0</difficult>
		<bndbox>
			<xmin>835</xmin>
			<ymin>181</ymin>
			<xmax>920</xmax>
			<ymax>424</ymax>
		</bndbox>
	</object>
	<object>
		<name>Botella</name>
		<pose>Unspecified</pose>
		<truncated>0</truncated>
		<difficult>0</difficult>
		<bndbox>
			<xmin>926</xmin>
			<ymin>95</ymin>
			<xmax>1019</xmax>
			<ymax>425</ymax>
		</bndbox>
	</object>
</annotation>
